file,line,type,commit,author,date,time,timezone,datetime,depth,length
style.css,1,css,64a1ca62,jecDSC,2025-04-11,22:58:30,-07:00,2025-04-11T22:58:30-07:00,0,6
style.css,2,css,a2e8f0d4,jecDSC,2025-04-18,21:00:45,-07:00,2025-04-18T21:00:45-07:00,0,32
style.css,3,css,a2e8f0d4,jecDSC,2025-04-18,21:00:45,-07:00,2025-04-18T21:00:45-07:00,0,24
style.css,4,css,46810819,jecDSC,2025-04-11,22:03:05,-07:00,2025-04-11T22:03:05-07:00,0,0
style.css,5,css,46810819,jecDSC,2025-04-11,22:03:05,-07:00,2025-04-11T22:03:05-07:00,0,0
style.css,6,css,46810819,jecDSC,2025-04-11,22:03:05,-07:00,2025-04-11T22:03:05-07:00,0,5
style.css,7,css,46810819,jecDSC,2025-04-11,22:03:05,-07:00,2025-04-11T22:03:05-07:00,0,44
style.css,8,css,46810819,jecDSC,2025-04-11,22:03:05,-07:00,2025-04-11T22:03:05-07:00,0,43
style.css,9,css,46810819,jecDSC,2025-04-11,22:03:05,-07:00,2025-04-11T22:03:05-07:00,0,1
style.css,10,css,46810819,jecDSC,2025-04-11,22:03:05,-07:00,2025-04-11T22:03:05-07:00,0,24
style.css,11,css,46810819,jecDSC,2025-04-11,22:03:05,-07:00,2025-04-11T22:03:05-07:00,0,16
style.css,12,css,46810819,jecDSC,2025-04-11,22:03:05,-07:00,2025-04-11T22:03:05-07:00,0,19
style.css,13,css,46810819,jecDSC,2025-04-11,22:03:05,-07:00,2025-04-11T22:03:05-07:00,0,13
style.css,14,css,46810819,jecDSC,2025-04-11,22:03:05,-07:00,2025-04-11T22:03:05-07:00,0,0
style.css,15,css,46810819,jecDSC,2025-04-11,22:03:05,-07:00,2025-04-11T22:03:05-07:00,0,0
style.css,16,css,46810819,jecDSC,2025-04-11,22:03:05,-07:00,2025-04-11T22:03:05-07:00,0,4
style.css,17,css,46810819,jecDSC,2025-04-11,22:03:05,-07:00,2025-04-11T22:03:05-07:00,0,13
style.css,18,css,a2e8f0d4,jecDSC,2025-04-18,21:00:45,-07:00,2025-04-18T21:00:45-07:00,0,40
style.css,19,css,a2e8f0d4,jecDSC,2025-04-18,21:00:45,-07:00,2025-04-18T21:00:45-07:00,0,40
style.css,20,css,64a1ca62,jecDSC,2025-04-11,22:58:30,-07:00,2025-04-11T22:58:30-07:00,0,0
style.css,21,css,64a1ca62,jecDSC,2025-04-11,22:58:30,-07:00,2025-04-11T22:58:30-07:00,0,0
style.css,22,css,64a1ca62,jecDSC,2025-04-11,22:58:30,-07:00,2025-04-11T22:58:30-07:00,0,7
style.css,23,css,64a1ca62,jecDSC,2025-04-11,22:58:30,-07:00,2025-04-11T22:58:30-07:00,0,17
style.css,24,css,64a1ca62,jecDSC,2025-04-11,22:58:30,-07:00,2025-04-11T22:58:30-07:00,0,0
style.css,25,css,64a1ca62,jecDSC,2025-04-11,22:58:30,-07:00,2025-04-11T22:58:30-07:00,0,0
style.css,26,css,64a1ca62,jecDSC,2025-04-11,22:58:30,-07:00,2025-04-11T22:58:30-07:00,0,7
style.css,27,css,64a1ca62,jecDSC,2025-04-11,22:58:30,-07:00,2025-04-11T22:58:30-07:00,0,17
style.css,28,css,64a1ca62,jecDSC,2025-04-11,22:58:30,-07:00,2025-04-11T22:58:30-07:00,0,0
style.css,29,css,64a1ca62,jecDSC,2025-04-11,22:58:30,-07:00,2025-04-11T22:58:30-07:00,0,0
style.css,30,css,64a1ca62,jecDSC,2025-04-11,22:58:30,-07:00,2025-04-11T22:58:30-07:00,0,6
style.css,31,css,64a1ca62,jecDSC,2025-04-11,22:58:30,-07:00,2025-04-11T22:58:30-07:00,0,7
style.css,32,css,64a1ca62,jecDSC,2025-04-11,22:58:30,-07:00,2025-04-11T22:58:30-07:00,0,21
style.css,33,css,64a1ca62,jecDSC,2025-04-11,22:58:30,-07:00,2025-04-11T22:58:30-07:00,0,14
style.css,34,css,64a1ca62,jecDSC,2025-04-11,22:58:30,-07:00,2025-04-11T22:58:30-07:00,0,18
style.css,35,css,64a1ca62,jecDSC,2025-04-11,22:58:30,-07:00,2025-04-11T22:58:30-07:00,0,14
style.css,36,css,46810819,jecDSC,2025-04-11,22:03:05,-07:00,2025-04-11T22:03:05-07:00,0,19
style.css,37,css,46810819,jecDSC,2025-04-11,22:03:05,-07:00,2025-04-11T22:03:05-07:00,0,24
style.css,38,css,46810819,jecDSC,2025-04-11,22:03:05,-07:00,2025-04-11T22:03:05-07:00,0,26
style.css,39,css,46810819,jecDSC,2025-04-11,22:03:05,-07:00,2025-04-11T22:03:05-07:00,0,38
style.css,40,css,64a1ca62,jecDSC,2025-04-11,22:58:30,-07:00,2025-04-11T22:58:30-07:00,0,0
style.css,41,css,46810819,jecDSC,2025-04-11,22:03:05,-07:00,2025-04-11T22:03:05-07:00,0,0
style.css,42,css,64a1ca62,jecDSC,2025-04-11,22:58:30,-07:00,2025-04-11T22:58:30-07:00,0,14
style.css,43,css,64a1ca62,jecDSC,2025-04-11,22:58:30,-07:00,2025-04-11T22:58:30-07:00,0,26
style.css,44,css,a2e8f0d4,jecDSC,2025-04-18,21:00:45,-07:00,2025-04-18T21:00:45-07:00,0,19
style.css,45,css,a2e8f0d4,jecDSC,2025-04-18,21:00:45,-07:00,2025-04-18T21:00:45-07:00,0,33
style.css,46,css,46810819,jecDSC,2025-04-11,22:03:05,-07:00,2025-04-11T22:03:05-07:00,0,0
style.css,47,css,46810819,jecDSC,2025-04-11,22:03:05,-07:00,2025-04-11T22:03:05-07:00,0,0
style.css,48,css,64a1ca62,jecDSC,2025-04-11,22:58:30,-07:00,2025-04-11T22:58:30-07:00,0,8
style.css,49,css,64a1ca62,jecDSC,2025-04-11,22:58:30,-07:00,2025-04-11T22:58:30-07:00,0,26
style.css,50,css,64a1ca62,jecDSC,2025-04-11,22:58:30,-07:00,2025-04-11T22:58:30-07:00,0,19
style.css,51,css,64a1ca62,jecDSC,2025-04-11,22:58:30,-07:00,2025-04-11T22:58:30-07:00,0,40
style.css,52,css,a2e8f0d4,jecDSC,2025-04-18,21:00:45,-07:00,2025-04-18T21:00:45-07:00,0,70
style.css,53,css,64a1ca62,jecDSC,2025-04-11,22:58:30,-07:00,2025-04-11T22:58:30-07:00,0,0
style.css,54,css,46810819,jecDSC,2025-04-11,22:03:05,-07:00,2025-04-11T22:03:05-07:00,0,0
style.css,55,css,46810819,jecDSC,2025-04-11,22:03:05,-07:00,2025-04-11T22:03:05-07:00,0,8
style.css,56,css,46810819,jecDSC,2025-04-11,22:03:05,-07:00,2025-04-11T22:03:05-07:00,0,19
style.css,57,css,588205ce,jecDSC,2025-04-11,23:47:04,-07:00,2025-04-11T23:47:04-07:00,0,0
style.css,58,css,588205ce,jecDSC,2025-04-11,23:47:04,-07:00,2025-04-11T23:47:04-07:00,0,0
style.css,59,css,588205ce,jecDSC,2025-04-11,23:47:04,-07:00,2025-04-11T23:47:04-07:00,0,5
style.css,60,css,588205ce,jecDSC,2025-04-11,23:47:04,-07:00,2025-04-11T23:47:04-07:00,0,13
style.css,61,css,588205ce,jecDSC,2025-04-11,23:47:04,-07:00,2025-04-11T23:47:04-07:00,0,8
style.css,62,css,588205ce,jecDSC,2025-04-11,23:47:04,-07:00,2025-04-11T23:47:04-07:00,0,0
style.css,63,css,588205ce,jecDSC,2025-04-11,23:47:04,-07:00,2025-04-11T23:47:04-07:00,0,0
style.css,64,css,588205ce,jecDSC,2025-04-11,23:47:04,-07:00,2025-04-11T23:47:04-07:00,0,11
style.css,65,css,588205ce,jecDSC,2025-04-11,23:47:04,-07:00,2025-04-11T23:47:04-07:00,0,19
style.css,66,css,588205ce,jecDSC,2025-04-11,23:47:04,-07:00,2025-04-11T23:47:04-07:00,0,0
style.css,67,css,588205ce,jecDSC,2025-04-11,23:47:04,-07:00,2025-04-11T23:47:04-07:00,0,0
style.css,68,css,588205ce,jecDSC,2025-04-11,23:47:04,-07:00,2025-04-11T23:47:04-07:00,0,10
style.css,69,css,588205ce,jecDSC,2025-04-11,23:47:04,-07:00,2025-04-11T23:47:04-07:00,0,13
style.css,70,css,588205ce,jecDSC,2025-04-11,23:47:04,-07:00,2025-04-11T23:47:04-07:00,0,19
style.css,71,css,588205ce,jecDSC,2025-04-11,23:47:04,-07:00,2025-04-11T23:47:04-07:00,0,17
style.css,72,css,588205ce,jecDSC,2025-04-11,23:47:04,-07:00,2025-04-11T23:47:04-07:00,0,11
style.css,73,css,588205ce,jecDSC,2025-04-11,23:47:04,-07:00,2025-04-11T23:47:04-07:00,0,25
style.css,74,css,588205ce,jecDSC,2025-04-11,23:47:04,-07:00,2025-04-11T23:47:04-07:00,0,0
style.css,75,css,588205ce,jecDSC,2025-04-11,23:47:04,-07:00,2025-04-11T23:47:04-07:00,0,0
style.css,76,css,588205ce,jecDSC,2025-04-11,23:47:04,-07:00,2025-04-11T23:47:04-07:00,0,12
style.css,77,css,588205ce,jecDSC,2025-04-11,23:47:04,-07:00,2025-04-11T23:47:04-07:00,0,19
style.css,78,css,588205ce,jecDSC,2025-04-11,23:47:04,-07:00,2025-04-11T23:47:04-07:00,0,0
style.css,79,css,588205ce,jecDSC,2025-04-11,23:47:04,-07:00,2025-04-11T23:47:04-07:00,0,0
style.css,80,css,588205ce,jecDSC,2025-04-11,23:47:04,-07:00,2025-04-11T23:47:04-07:00,0,13
style.css,81,css,588205ce,jecDSC,2025-04-11,23:47:04,-07:00,2025-04-11T23:47:04-07:00,0,13
style.css,82,css,588205ce,jecDSC,2025-04-11,23:47:04,-07:00,2025-04-11T23:47:04-07:00,0,59
style.css,83,css,588205ce,jecDSC,2025-04-11,23:47:04,-07:00,2025-04-11T23:47:04-07:00,0,0
style.css,84,css,588205ce,jecDSC,2025-04-11,23:47:04,-07:00,2025-04-11T23:47:04-07:00,0,0
style.css,85,css,588205ce,jecDSC,2025-04-11,23:47:04,-07:00,2025-04-11T23:47:04-07:00,0,21
style.css,86,css,588205ce,jecDSC,2025-04-11,23:47:04,-07:00,2025-04-11T23:47:04-07:00,0,27
style.css,87,css,588205ce,jecDSC,2025-04-11,23:47:04,-07:00,2025-04-11T23:47:04-07:00,0,16
style.css,88,css,588205ce,jecDSC,2025-04-11,23:47:04,-07:00,2025-04-11T23:47:04-07:00,0,8
style.css,89,css,588205ce,jecDSC,2025-04-11,23:47:04,-07:00,2025-04-11T23:47:04-07:00,0,0
style.css,90,css,588205ce,jecDSC,2025-04-11,23:47:04,-07:00,2025-04-11T23:47:04-07:00,0,0
style.css,91,css,588205ce,jecDSC,2025-04-11,23:47:04,-07:00,2025-04-11T23:47:04-07:00,0,24
style.css,92,css,588205ce,jecDSC,2025-04-11,23:47:04,-07:00,2025-04-11T23:47:04-07:00,0,8
style.css,93,css,588205ce,jecDSC,2025-04-11,23:47:04,-07:00,2025-04-11T23:47:04-07:00,0,0
style.css,94,css,588205ce,jecDSC,2025-04-11,23:47:04,-07:00,2025-04-11T23:47:04-07:00,0,0
style.css,95,css,588205ce,jecDSC,2025-04-11,23:47:04,-07:00,2025-04-11T23:47:04-07:00,0,3
style.css,96,css,588205ce,jecDSC,2025-04-11,23:47:04,-07:00,2025-04-11T23:47:04-07:00,0,16
style.css,97,css,588205ce,jecDSC,2025-04-11,23:47:04,-07:00,2025-04-11T23:47:04-07:00,0,15
style.css,98,css,588205ce,jecDSC,2025-04-11,23:47:04,-07:00,2025-04-11T23:47:04-07:00,0,0
style.css,99,css,588205ce,jecDSC,2025-04-11,23:47:04,-07:00,2025-04-11T23:47:04-07:00,0,0
style.css,100,css,588205ce,jecDSC,2025-04-11,23:47:04,-07:00,2025-04-11T23:47:04-07:00,0,3
style.css,101,css,588205ce,jecDSC,2025-04-11,23:47:04,-07:00,2025-04-11T23:47:04-07:00,0,16
style.css,102,css,14f1078a,jecDSC,2025-04-11,23:53:16,-07:00,2025-04-11T23:53:16-07:00,0,15
style.css,103,css,14f1078a,jecDSC,2025-04-11,23:53:16,-07:00,2025-04-11T23:53:16-07:00,0,0
style.css,104,css,14f1078a,jecDSC,2025-04-11,23:53:16,-07:00,2025-04-11T23:53:16-07:00,0,0
style.css,105,css,14f1078a,jecDSC,2025-04-11,23:53:16,-07:00,2025-04-11T23:53:16-07:00,0,3
style.css,106,css,14f1078a,jecDSC,2025-04-11,23:53:16,-07:00,2025-04-11T23:53:16-07:00,0,16
style.css,107,css,14f1078a,jecDSC,2025-04-11,23:53:16,-07:00,2025-04-11T23:53:16-07:00,0,0
style.css,108,css,14f1078a,jecDSC,2025-04-11,23:53:16,-07:00,2025-04-11T23:53:16-07:00,0,0
style.css,109,css,14f1078a,jecDSC,2025-04-11,23:53:16,-07:00,2025-04-11T23:53:16-07:00,0,3
style.css,110,css,14f1078a,jecDSC,2025-04-11,23:53:16,-07:00,2025-04-11T23:53:16-07:00,0,16
style.css,111,css,14f1078a,jecDSC,2025-04-11,23:53:16,-07:00,2025-04-11T23:53:16-07:00,0,0
style.css,112,css,14f1078a,jecDSC,2025-04-11,23:53:16,-07:00,2025-04-11T23:53:16-07:00,0,0
style.css,113,css,14f1078a,jecDSC,2025-04-11,23:53:16,-07:00,2025-04-11T23:53:16-07:00,0,3
style.css,114,css,14f1078a,jecDSC,2025-04-11,23:53:16,-07:00,2025-04-11T23:53:16-07:00,0,16
style.css,115,css,14f1078a,jecDSC,2025-04-11,23:53:16,-07:00,2025-04-11T23:53:16-07:00,0,0
style.css,116,css,14f1078a,jecDSC,2025-04-11,23:53:16,-07:00,2025-04-11T23:53:16-07:00,0,0
style.css,117,css,14f1078a,jecDSC,2025-04-11,23:53:16,-07:00,2025-04-11T23:53:16-07:00,0,3
style.css,118,css,14f1078a,jecDSC,2025-04-11,23:53:16,-07:00,2025-04-11T23:53:16-07:00,0,16
style.css,119,css,14f1078a,jecDSC,2025-04-11,23:53:16,-07:00,2025-04-11T23:53:16-07:00,0,0
style.css,120,css,14f1078a,jecDSC,2025-04-11,23:53:16,-07:00,2025-04-11T23:53:16-07:00,0,0
style.css,121,css,14f1078a,jecDSC,2025-04-11,23:53:16,-07:00,2025-04-11T23:53:16-07:00,0,15
style.css,122,css,14f1078a,jecDSC,2025-04-11,23:53:16,-07:00,2025-04-11T23:53:16-07:00,0,20
style.css,123,css,14f1078a,jecDSC,2025-04-11,23:53:16,-07:00,2025-04-11T23:53:16-07:00,0,17
style.css,124,css,14f1078a,jecDSC,2025-04-11,23:53:16,-07:00,2025-04-11T23:53:16-07:00,0,13
style.css,125,css,b63876e8,jecDSC,2025-04-11,23:54:53,-07:00,2025-04-11T23:54:53-07:00,0,0
style.css,126,css,b63876e8,jecDSC,2025-04-11,23:54:53,-07:00,2025-04-11T23:54:53-07:00,0,0
style.css,127,css,b63876e8,jecDSC,2025-04-11,23:54:53,-07:00,2025-04-11T23:54:53-07:00,0,12
style.css,128,css,b63876e8,jecDSC,2025-04-11,23:54:53,-07:00,2025-04-11T23:54:53-07:00,0,21
style.css,129,css,b63876e8,jecDSC,2025-04-11,23:54:53,-07:00,2025-04-11T23:54:53-07:00,0,11
style.css,130,css,a2e8f0d4,jecDSC,2025-04-18,21:00:45,-07:00,2025-04-18T21:00:45-07:00,0,0
style.css,131,css,a2e8f0d4,jecDSC,2025-04-18,21:00:45,-07:00,2025-04-18T21:00:45-07:00,0,0
style.css,132,css,8b5f9479,jecDSC,2025-04-18,21:09:52,-07:00,2025-04-18T21:09:52-07:00,0,19
style.css,133,css,a2e8f0d4,jecDSC,2025-04-18,21:00:45,-07:00,2025-04-18T21:00:45-07:00,0,18
style.css,134,css,a2e8f0d4,jecDSC,2025-04-18,21:00:45,-07:00,2025-04-18T21:00:45-07:00,0,9
style.css,135,css,a2e8f0d4,jecDSC,2025-04-18,21:00:45,-07:00,2025-04-18T21:00:45-07:00,0,11
style.css,136,css,a2e8f0d4,jecDSC,2025-04-18,21:00:45,-07:00,2025-04-18T21:00:45-07:00,0,14
style.css,137,css,a2e8f0d4,jecDSC,2025-04-18,21:00:45,-07:00,2025-04-18T21:00:45-07:00,0,20
style.css,138,css,a2e8f0d4,jecDSC,2025-04-18,21:00:45,-07:00,2025-04-18T21:00:45-07:00,0,0
style.css,139,css,a2e8f0d4,jecDSC,2025-04-18,21:00:45,-07:00,2025-04-18T21:00:45-07:00,0,0
style.css,140,css,a2e8f0d4,jecDSC,2025-04-18,21:00:45,-07:00,2025-04-18T21:00:45-07:00,0,7
style.css,141,css,a2e8f0d4,jecDSC,2025-04-18,21:00:45,-07:00,2025-04-18T21:00:45-07:00,0,15
style.css,142,css,a2e8f0d4,jecDSC,2025-04-18,21:00:45,-07:00,2025-04-18T21:00:45-07:00,0,20
style.css,143,css,a2e8f0d4,jecDSC,2025-04-18,21:00:45,-07:00,2025-04-18T21:00:45-07:00,0,0
style.css,144,css,a2e8f0d4,jecDSC,2025-04-18,21:00:45,-07:00,2025-04-18T21:00:45-07:00,0,0
style.css,145,css,a2e8f0d4,jecDSC,2025-04-18,21:00:45,-07:00,2025-04-18T21:00:45-07:00,0,7
style.css,146,css,a2e8f0d4,jecDSC,2025-04-18,21:00:45,-07:00,2025-04-18T21:00:45-07:00,0,9
style.css,147,css,6133736f,jecDSC,2025-04-25,20:22:49,-07:00,2025-04-25T20:22:49-07:00,0,0
style.css,148,css,6133736f,jecDSC,2025-04-25,20:22:49,-07:00,2025-04-25T20:22:49-07:00,0,0
style.css,149,css,6133736f,jecDSC,2025-04-25,20:22:49,-07:00,2025-04-25T20:22:49-07:00,0,9
style.css,150,css,6133736f,jecDSC,2025-04-25,20:22:49,-07:00,2025-04-25T20:22:49-07:00,0,13
style.css,151,css,6133736f,jecDSC,2025-04-25,20:22:49,-07:00,2025-04-25T20:22:49-07:00,0,30
style.css,152,css,6133736f,jecDSC,2025-04-25,20:22:49,-07:00,2025-04-25T20:22:49-07:00,0,13
style.css,153,css,6133736f,jecDSC,2025-04-25,20:22:49,-07:00,2025-04-25T20:22:49-07:00,0,0
style.css,154,css,6133736f,jecDSC,2025-04-25,20:22:49,-07:00,2025-04-25T20:22:49-07:00,0,0
style.css,155,css,6133736f,jecDSC,2025-04-25,20:22:49,-07:00,2025-04-25T20:22:49-07:00,0,9
style.css,156,css,6133736f,jecDSC,2025-04-25,20:22:49,-07:00,2025-04-25T20:22:49-07:00,0,13
style.css,157,css,6133736f,jecDSC,2025-04-25,20:22:49,-07:00,2025-04-25T20:22:49-07:00,0,15
style.css,158,css,6133736f,jecDSC,2025-04-25,20:22:49,-07:00,2025-04-25T20:22:49-07:00,0,16
style.css,159,css,6133736f,jecDSC,2025-04-25,20:22:49,-07:00,2025-04-25T20:22:49-07:00,0,20
style.css,160,css,6133736f,jecDSC,2025-04-25,20:22:49,-07:00,2025-04-25T20:22:49-07:00,0,0
style.css,161,css,6133736f,jecDSC,2025-04-25,20:22:49,-07:00,2025-04-25T20:22:49-07:00,0,0
style.css,162,css,6133736f,jecDSC,2025-04-25,20:22:49,-07:00,2025-04-25T20:22:49-07:00,0,9
style.css,163,css,6133736f,jecDSC,2025-04-25,20:22:49,-07:00,2025-04-25T20:22:49-07:00,0,13
style.css,164,css,6133736f,jecDSC,2025-04-25,20:22:49,-07:00,2025-04-25T20:22:49-07:00,0,15
style.css,165,css,6133736f,jecDSC,2025-04-25,20:22:49,-07:00,2025-04-25T20:22:49-07:00,0,16
style.css,166,css,6133736f,jecDSC,2025-04-25,20:22:49,-07:00,2025-04-25T20:22:49-07:00,0,20
style.css,167,css,6133736f,jecDSC,2025-04-25,20:22:49,-07:00,2025-04-25T20:22:49-07:00,0,14
style.css,168,css,0029259d,jecDSC,2025-05-03,23:50:15,-07:00,2025-05-03T23:50:15-07:00,0,0
style.css,169,css,0029259d,jecDSC,2025-05-03,23:50:15,-07:00,2025-05-03T23:50:15-07:00,0,0
style.css,170,css,0029259d,jecDSC,2025-05-03,23:50:15,-07:00,2025-05-03T23:50:15-07:00,0,19
style.css,171,css,0029259d,jecDSC,2025-05-03,23:50:15,-07:00,2025-05-03T23:50:15-07:00,0,15
style.css,172,css,0029259d,jecDSC,2025-05-03,23:50:15,-07:00,2025-05-03T23:50:15-07:00,0,17
style.css,173,css,0029259d,jecDSC,2025-05-03,23:50:15,-07:00,2025-05-03T23:50:15-07:00,0,0
style.css,174,css,0029259d,jecDSC,2025-05-03,23:50:15,-07:00,2025-05-03T23:50:15-07:00,0,17
style.css,175,css,0029259d,jecDSC,2025-05-03,23:50:15,-07:00,2025-05-03T23:50:15-07:00,0,0
style.css,176,css,0029259d,jecDSC,2025-05-03,23:50:15,-07:00,2025-05-03T23:50:15-07:00,0,0
style.css,177,css,0029259d,jecDSC,2025-05-03,23:50:15,-07:00,2025-05-03T23:50:15-07:00,0,12
style.css,178,css,0029259d,jecDSC,2025-05-03,23:50:15,-07:00,2025-05-03T23:50:15-07:00,0,20
style.css,179,css,0029259d,jecDSC,2025-05-03,23:50:15,-07:00,2025-05-03T23:50:15-07:00,0,12
style.css,180,css,0029259d,jecDSC,2025-05-03,23:50:15,-07:00,2025-05-03T23:50:15-07:00,0,19
style.css,181,css,0029259d,jecDSC,2025-05-03,23:50:15,-07:00,2025-05-03T23:50:15-07:00,0,18
style.css,182,css,0029259d,jecDSC,2025-05-03,23:50:15,-07:00,2025-05-03T23:50:15-07:00,0,31
style.css,183,css,0029259d,jecDSC,2025-05-03,23:50:15,-07:00,2025-05-03T23:50:15-07:00,0,0
style.css,184,css,0029259d,jecDSC,2025-05-03,23:50:15,-07:00,2025-05-03T23:50:15-07:00,0,0
style.css,185,css,0029259d,jecDSC,2025-05-03,23:50:15,-07:00,2025-05-03T23:50:15-07:00,0,10
style.css,186,css,0029259d,jecDSC,2025-05-03,23:50:15,-07:00,2025-05-03T23:50:15-07:00,0,13
style.css,187,css,0029259d,jecDSC,2025-05-03,23:50:15,-07:00,2025-05-03T23:50:15-07:00,0,7
style.css,188,css,0029259d,jecDSC,2025-05-03,23:50:15,-07:00,2025-05-03T23:50:15-07:00,0,58
style.css,189,css,0029259d,jecDSC,2025-05-03,23:50:15,-07:00,2025-05-03T23:50:15-07:00,0,0
style.css,190,css,0029259d,jecDSC,2025-05-03,23:50:15,-07:00,2025-05-03T23:50:15-07:00,0,0
style.css,191,css,0029259d,jecDSC,2025-05-03,23:50:15,-07:00,2025-05-03T23:50:15-07:00,0,16
style.css,192,css,0029259d,jecDSC,2025-05-03,23:50:15,-07:00,2025-05-03T23:50:15-07:00,0,13
style.css,193,css,0029259d,jecDSC,2025-05-03,23:50:15,-07:00,2025-05-03T23:50:15-07:00,0,19
style.css,194,css,0029259d,jecDSC,2025-05-03,23:50:15,-07:00,2025-05-03T23:50:15-07:00,0,8
style.css,195,css,0029259d,jecDSC,2025-05-03,23:50:15,-07:00,2025-05-03T23:50:15-07:00,0,0
style.css,196,css,0029259d,jecDSC,2025-05-03,23:50:15,-07:00,2025-05-03T23:50:15-07:00,0,0
style.css,197,css,0029259d,jecDSC,2025-05-03,23:50:15,-07:00,2025-05-03T23:50:15-07:00,0,14
style.css,198,css,0029259d,jecDSC,2025-05-03,23:50:15,-07:00,2025-05-03T23:50:15-07:00,0,13
style.css,199,css,00000000,Not Committed Yet,2025-05-09,22:25:30,-07:00,2025-05-09T22:25:30-07:00,0,0
style.css,200,css,00000000,Not Committed Yet,2025-05-09,22:25:30,-07:00,2025-05-09T22:25:30-07:00,0,0
style.css,201,css,00000000,Not Committed Yet,2025-05-09,22:25:30,-07:00,2025-05-09T22:25:30-07:00,0,10
style.css,202,css,00000000,Not Committed Yet,2025-05-09,22:25:30,-07:00,2025-05-09T22:25:30-07:00,0,13
style.css,203,css,00000000,Not Committed Yet,2025-05-09,22:25:30,-07:00,2025-05-09T22:25:30-07:00,0,15
style.css,204,css,00000000,Not Committed Yet,2025-05-09,22:25:30,-07:00,2025-05-09T22:25:30-07:00,0,16
style.css,205,css,00000000,Not Committed Yet,2025-05-09,22:25:30,-07:00,2025-05-09T22:25:30-07:00,0,20
style.css,206,css,00000000,Not Committed Yet,2025-05-09,22:25:30,-07:00,2025-05-09T22:25:30-07:00,0,0
style.css,207,css,00000000,Not Committed Yet,2025-05-09,22:25:30,-07:00,2025-05-09T22:25:30-07:00,0,0
style.css,208,css,00000000,Not Committed Yet,2025-05-09,22:25:30,-07:00,2025-05-09T22:25:30-07:00,0,10
style.css,209,css,00000000,Not Committed Yet,2025-05-09,22:25:30,-07:00,2025-05-09T22:25:30-07:00,0,13
style.css,210,css,00000000,Not Committed Yet,2025-05-09,22:25:30,-07:00,2025-05-09T22:25:30-07:00,0,15
style.css,211,css,00000000,Not Committed Yet,2025-05-09,22:25:30,-07:00,2025-05-09T22:25:30-07:00,0,16
style.css,212,css,00000000,Not Committed Yet,2025-05-09,22:25:30,-07:00,2025-05-09T22:25:30-07:00,0,20
style.css,213,css,00000000,Not Committed Yet,2025-05-09,22:25:30,-07:00,2025-05-09T22:25:30-07:00,0,14
style.css,214,css,00000000,Not Committed Yet,2025-05-09,22:25:30,-07:00,2025-05-09T22:25:30-07:00,0,0
style.css,215,css,00000000,Not Committed Yet,2025-05-09,22:25:30,-07:00,2025-05-09T22:25:30-07:00,0,0
style.css,216,css,00000000,Not Committed Yet,2025-05-09,22:25:30,-07:00,2025-05-09T22:25:30-07:00,0,12
style.css,217,css,00000000,Not Committed Yet,2025-05-09,22:25:30,-07:00,2025-05-09T22:25:30-07:00,0,12
style.css,218,css,00000000,Not Committed Yet,2025-05-09,22:25:30,-07:00,2025-05-09T22:25:30-07:00,0,0
style.css,219,css,00000000,Not Committed Yet,2025-05-09,22:25:30,-07:00,2025-05-09T22:25:30-07:00,0,0
style.css,220,css,00000000,Not Committed Yet,2025-05-09,22:25:30,-07:00,2025-05-09T22:25:30-07:00,0,8
style.css,221,css,00000000,Not Committed Yet,2025-05-09,22:25:30,-07:00,2025-05-09T22:25:30-07:00,0,13
style.css,222,css,00000000,Not Committed Yet,2025-05-09,22:25:30,-07:00,2025-05-09T22:25:30-07:00,0,13
style.css,223,css,00000000,Not Committed Yet,2025-05-09,22:25:30,-07:00,2025-05-09T22:25:30-07:00,0,16
style.css,224,css,00000000,Not Committed Yet,2025-05-09,22:25:30,-07:00,2025-05-09T22:25:30-07:00,0,0
style.css,225,css,00000000,Not Committed Yet,2025-05-09,22:25:30,-07:00,2025-05-09T22:25:30-07:00,0,0
style.css,226,css,00000000,Not Committed Yet,2025-05-09,22:25:30,-07:00,2025-05-09T22:25:30-07:00,0,18
style.css,227,css,00000000,Not Committed Yet,2025-05-09,22:25:30,-07:00,2025-05-09T22:25:30-07:00,0,15
style.css,228,css,00000000,Not Committed Yet,2025-05-09,22:25:30,-07:00,2025-05-09T22:25:30-07:00,0,8
style.css,229,css,00000000,Not Committed Yet,2025-05-09,22:25:30,-07:00,2025-05-09T22:25:30-07:00,0,9
style.css,230,css,00000000,Not Committed Yet,2025-05-09,22:25:30,-07:00,2025-05-09T22:25:30-07:00,0,42
style.css,231,css,00000000,Not Committed Yet,2025-05-09,22:25:30,-07:00,2025-05-09T22:25:30-07:00,0,47
style.css,232,css,00000000,Not Committed Yet,2025-05-09,22:25:30,-07:00,2025-05-09T22:25:30-07:00,0,17
style.css,233,css,00000000,Not Committed Yet,2025-05-09,22:25:30,-07:00,2025-05-09T22:25:30-07:00,0,12
style.css,234,css,00000000,Not Committed Yet,2025-05-09,22:25:30,-07:00,2025-05-09T22:25:30-07:00,0,0
style.css,235,css,00000000,Not Committed Yet,2025-05-09,22:25:30,-07:00,2025-05-09T22:25:30-07:00,0,0
style.css,236,css,00000000,Not Committed Yet,2025-05-09,22:25:30,-07:00,2025-05-09T22:25:30-07:00,0,7
style.css,237,css,00000000,Not Committed Yet,2025-05-09,22:25:30,-07:00,2025-05-09T22:25:30-07:00,0,17
style.css,238,css,00000000,Not Committed Yet,2025-05-09,22:25:30,-07:00,2025-05-09T22:25:30-07:00,0,24
style.css,239,css,00000000,Not Committed Yet,2025-05-09,22:25:30,-07:00,2025-05-09T22:25:30-07:00,0,23
style.css,240,css,00000000,Not Committed Yet,2025-05-09,22:25:30,-07:00,2025-05-09T22:25:30-07:00,0,0
style.css,241,css,00000000,Not Committed Yet,2025-05-09,22:25:30,-07:00,2025-05-09T22:25:30-07:00,0,0
style.css,242,css,00000000,Not Committed Yet,2025-05-09,22:25:30,-07:00,2025-05-09T22:25:30-07:00,0,13
style.css,243,css,00000000,Not Committed Yet,2025-05-09,22:25:30,-07:00,2025-05-09T22:25:30-07:00,0,21
style.css,244,css,00000000,Not Committed Yet,2025-05-09,22:25:30,-07:00,2025-05-09T22:25:30-07:00,0,0
style.css,245,css,00000000,Not Committed Yet,2025-05-09,22:25:30,-07:00,2025-05-09T22:25:30-07:00,0,0
style.css,246,css,00000000,Not Committed Yet,2025-05-09,22:25:30,-07:00,2025-05-09T22:25:30-07:00,0,8
style.css,247,css,00000000,Not Committed Yet,2025-05-09,22:25:30,-07:00,2025-05-09T22:25:30-07:00,0,25
style.css,248,css,00000000,Not Committed Yet,2025-05-09,22:25:30,-07:00,2025-05-09T22:25:30-07:00,0,26
style.css,249,css,00000000,Not Committed Yet,2025-05-09,22:25:30,-07:00,2025-05-09T22:25:30-07:00,0,40
style.css,250,css,00000000,Not Committed Yet,2025-05-09,22:25:30,-07:00,2025-05-09T22:25:30-07:00,0,0
style.css,251,css,00000000,Not Committed Yet,2025-05-09,22:25:30,-07:00,2025-05-09T22:25:30-07:00,0,0
style.css,252,css,00000000,Not Committed Yet,2025-05-09,22:25:30,-07:00,2025-05-09T22:25:30-07:00,0,43
style.css,253,css,00000000,Not Committed Yet,2025-05-09,22:25:30,-07:00,2025-05-09T22:25:30-07:00,0,10
style.css,254,css,00000000,Not Committed Yet,2025-05-09,22:25:30,-07:00,2025-05-09T22:25:30-07:00,0,18
style.css,255,css,46810819,jecDSC,2025-04-11,22:03:05,-07:00,2025-04-11T22:03:05-07:00,0,0
index.js,1,js,6133736f,jecDSC,2025-04-25,20:22:49,-07:00,2025-04-25T20:22:49-07:00,0,55
index.js,2,js,6133736f,jecDSC,2025-04-25,20:22:49,-07:00,2025-04-25T20:22:49-07:00,0,0
index.js,3,js,0990350d,jecDSC,2025-04-25,20:40:13,-07:00,2025-04-25T20:40:13-07:00,0,53
index.js,4,js,6133736f,jecDSC,2025-04-25,20:22:49,-07:00,2025-04-25T20:22:49-07:00,0,43
index.js,5,js,6133736f,jecDSC,2025-04-25,20:22:49,-07:00,2025-04-25T20:22:49-07:00,0,61
index.js,6,js,6133736f,jecDSC,2025-04-25,20:22:49,-07:00,2025-04-25T20:22:49-07:00,0,0
index.js,7,js,6133736f,jecDSC,2025-04-25,20:22:49,-07:00,2025-04-25T20:22:49-07:00,0,55
index.js,8,js,6133736f,jecDSC,2025-04-25,20:22:49,-07:00,2025-04-25T20:22:49-07:00,0,0
index.js,9,js,6133736f,jecDSC,2025-04-25,20:22:49,-07:00,2025-04-25T20:22:49-07:00,0,48
index.js,10,js,6133736f,jecDSC,2025-04-25,20:22:49,-07:00,2025-04-25T20:22:49-07:00,0,60
index.js,11,js,6133736f,jecDSC,2025-04-25,20:22:49,-07:00,2025-04-25T20:22:49-07:00,0,0
index.js,12,js,6133736f,jecDSC,2025-04-25,20:22:49,-07:00,2025-04-25T20:22:49-07:00,0,0
index.js,13,js,6133736f,jecDSC,2025-04-25,20:22:49,-07:00,2025-04-25T20:22:49-07:00,0,50
index.js,14,js,6133736f,jecDSC,2025-04-25,20:22:49,-07:00,2025-04-25T20:22:49-07:00,0,61
index.js,15,js,6133736f,jecDSC,2025-04-25,20:22:49,-07:00,2025-04-25T20:22:49-07:00,0,0
index.js,16,js,6133736f,jecDSC,2025-04-25,20:22:49,-07:00,2025-04-25T20:22:49-07:00,0,18
index.js,17,js,6133736f,jecDSC,2025-04-25,20:22:49,-07:00,2025-04-25T20:22:49-07:00,0,25
index.js,18,js,6133736f,jecDSC,2025-04-25,20:22:49,-07:00,2025-04-25T20:22:49-07:00,0,17
index.js,19,js,6133736f,jecDSC,2025-04-25,20:22:49,-07:00,2025-04-25T20:22:49-07:00,0,84
index.js,20,js,6133736f,jecDSC,2025-04-25,20:22:49,-07:00,2025-04-25T20:22:49-07:00,0,84
index.js,21,js,6133736f,jecDSC,2025-04-25,20:22:49,-07:00,2025-04-25T20:22:49-07:00,0,78
index.js,22,js,6133736f,jecDSC,2025-04-25,20:22:49,-07:00,2025-04-25T20:22:49-07:00,0,78
index.js,23,js,6133736f,jecDSC,2025-04-25,20:22:49,-07:00,2025-04-25T20:22:49-07:00,0,4
index.js,24,js,6133736f,jecDSC,2025-04-25,20:22:49,-07:00,2025-04-25T20:22:49-07:00,0,1
index.js,25,js,6133736f,jecDSC,2025-04-25,20:22:49,-07:00,2025-04-25T20:22:49-07:00,0,0
index.html,1,html,12cbcc51,jecDSC,2025-04-04,18:35:20,-07:00,2025-04-04T18:35:20-07:00,0,14
index.html,2,html,12cbcc51,jecDSC,2025-04-04,18:35:20,-07:00,2025-04-04T18:35:20-07:00,0,15
index.html,3,html,12cbcc51,jecDSC,2025-04-04,18:35:20,-07:00,2025-04-04T18:35:20-07:00,0,5
index.html,4,html,12cbcc51,jecDSC,2025-04-04,18:35:20,-07:00,2025-04-04T18:35:20-07:00,0,21
index.html,5,html,12cbcc51,jecDSC,2025-04-04,18:35:20,-07:00,2025-04-04T18:35:20-07:00,0,69
index.html,6,html,bfc4a897,jecDSC,2025-04-04,19:35:00,-07:00,2025-04-04T19:35:00-07:00,0,53
index.html,7,html,725247d6,jecDSC,2025-04-12,00:19:53,-07:00,2025-04-12T00:19:53-07:00,0,39
index.html,8,html,6133736f,jecDSC,2025-04-25,20:22:49,-07:00,2025-04-25T20:22:49-07:00,0,51
index.html,9,html,f38d6913,jecDSC,2025-04-18,19:16:41,-07:00,2025-04-18T19:16:41-07:00,0,9
index.html,10,html,46810819,jecDSC,2025-04-11,22:03:05,-07:00,2025-04-11T22:03:05-07:00,0,3
index.html,11,html,f38d6913,jecDSC,2025-04-18,19:16:41,-07:00,2025-04-18T19:16:41-07:00,0,78
index.html,12,html,42a02955,jecDSC,2025-04-12,00:08:06,-07:00,2025-04-12T00:08:06-07:00,0,101
index.html,13,html,42a02955,jecDSC,2025-04-12,00:08:06,-07:00,2025-04-12T00:08:06-07:00,0,89
index.html,14,html,42a02955,jecDSC,2025-04-12,00:08:06,-07:00,2025-04-12T00:08:06-07:00,0,99
index.html,15,html,46810819,jecDSC,2025-04-11,22:03:05,-07:00,2025-04-11T22:03:05-07:00,0,4
index.html,16,html,f38d6913,jecDSC,2025-04-18,19:16:41,-07:00,2025-04-18T19:16:41-07:00,0,9
index.html,17,html,f38d6913,jecDSC,2025-04-18,19:16:41,-07:00,2025-04-18T19:16:41-07:00,0,47
index.html,18,html,12cbcc51,jecDSC,2025-04-04,18:35:20,-07:00,2025-04-04T18:35:20-07:00,0,6
index.html,19,html,12cbcc51,jecDSC,2025-04-04,18:35:20,-07:00,2025-04-04T18:35:20-07:00,0,0
index.html,20,html,12cbcc51,jecDSC,2025-04-04,18:35:20,-07:00,2025-04-04T18:35:20-07:00,0,5
index.html,21,html,12cbcc51,jecDSC,2025-04-04,18:35:20,-07:00,2025-04-04T18:35:20-07:00,0,18
index.html,22,html,a3e0babc,jecDSC,2025-04-11,18:34:44,-07:00,2025-04-11T18:34:44-07:00,0,276
index.html,23,html,12cbcc51,jecDSC,2025-04-04,18:35:20,-07:00,2025-04-04T18:35:20-07:00,0,99
index.html,24,html,6133736f,jecDSC,2025-04-25,20:22:49,-07:00,2025-04-25T20:22:49-07:00,0,0
index.html,25,html,6133736f,jecDSC,2025-04-25,20:22:49,-07:00,2025-04-25T20:22:49-07:00,0,23
index.html,26,html,6133736f,jecDSC,2025-04-25,20:22:49,-07:00,2025-04-25T20:22:49-07:00,0,21
index.html,27,html,6133736f,jecDSC,2025-04-25,20:22:49,-07:00,2025-04-25T20:22:49-07:00,0,50
index.html,28,html,6133736f,jecDSC,2025-04-25,20:22:49,-07:00,2025-04-25T20:22:49-07:00,0,5
index.html,29,html,6133736f,jecDSC,2025-04-25,20:22:49,-07:00,2025-04-25T20:22:49-07:00,0,0
index.html,30,html,6133736f,jecDSC,2025-04-25,20:22:49,-07:00,2025-04-25T20:22:49-07:00,0,29
index.html,31,html,6133736f,jecDSC,2025-04-25,20:22:49,-07:00,2025-04-25T20:22:49-07:00,0,29
index.html,32,html,12cbcc51,jecDSC,2025-04-04,18:35:20,-07:00,2025-04-04T18:35:20-07:00,0,6
index.html,33,html,12cbcc51,jecDSC,2025-04-04,18:35:20,-07:00,2025-04-04T18:35:20-07:00,0,6
global.js,1,js,f38d6913,jecDSC,2025-04-18,19:16:41,-07:00,2025-04-18T19:16:41-07:00,0,26
global.js,2,js,f38d6913,jecDSC,2025-04-18,19:16:41,-07:00,2025-04-18T19:16:41-07:00,0,0
global.js,3,js,f38d6913,jecDSC,2025-04-18,19:16:41,-07:00,2025-04-18T19:16:41-07:00,0,42
global.js,4,js,f38d6913,jecDSC,2025-04-18,19:16:41,-07:00,2025-04-18T19:16:41-07:00,0,53
global.js,5,js,f38d6913,jecDSC,2025-04-18,19:16:41,-07:00,2025-04-18T19:16:41-07:00,0,0
global.js,6,js,f38d6913,jecDSC,2025-04-18,19:16:41,-07:00,2025-04-18T19:16:41-07:00,0,0
global.js,7,js,f38d6913,jecDSC,2025-04-18,19:16:41,-07:00,2025-04-18T19:16:41-07:00,0,26
global.js,8,js,f38d6913,jecDSC,2025-04-18,19:16:41,-07:00,2025-04-18T19:16:41-07:00,0,0
global.js,9,js,f38d6913,jecDSC,2025-04-18,19:16:41,-07:00,2025-04-18T19:16:41-07:00,0,31
global.js,10,js,f38d6913,jecDSC,2025-04-18,19:16:41,-07:00,2025-04-18T19:16:41-07:00,0,67
global.js,11,js,f38d6913,jecDSC,2025-04-18,19:16:41,-07:00,2025-04-18T19:16:41-07:00,0,1
global.js,12,js,f38d6913,jecDSC,2025-04-18,19:16:41,-07:00,2025-04-18T19:16:41-07:00,0,0
global.js,13,js,a2e8f0d4,jecDSC,2025-04-18,21:00:45,-07:00,2025-04-18T21:00:45-07:00,0,40
global.js,14,js,f38d6913,jecDSC,2025-04-18,19:16:41,-07:00,2025-04-18T19:16:41-07:00,0,0
global.js,15,js,f38d6913,jecDSC,2025-04-18,19:16:41,-07:00,2025-04-18T19:16:41-07:00,0,12
global.js,16,js,f38d6913,jecDSC,2025-04-18,19:16:41,-07:00,2025-04-18T19:16:41-07:00,0,26
global.js,17,js,f38d6913,jecDSC,2025-04-18,19:16:41,-07:00,2025-04-18T19:16:41-07:00,0,39
global.js,18,js,f38d6913,jecDSC,2025-04-18,19:16:41,-07:00,2025-04-18T19:16:41-07:00,0,36
global.js,19,js,00000000,Not Committed Yet,2025-05-09,22:25:30,-07:00,2025-05-09T22:25:30-07:00,0,26
global.js,20,js,00000000,Not Committed Yet,2025-05-09,22:25:30,-07:00,2025-05-09T22:25:30-07:00,0,29
global.js,21,js,f38d6913,jecDSC,2025-04-18,19:16:41,-07:00,2025-04-18T19:16:41-07:00,0,1
global.js,22,js,f38d6913,jecDSC,2025-04-18,19:16:41,-07:00,2025-04-18T19:16:41-07:00,0,0
global.js,23,js,f38d6913,jecDSC,2025-04-18,19:16:41,-07:00,2025-04-18T19:16:41-07:00,0,39
global.js,24,js,f38d6913,jecDSC,2025-04-18,19:16:41,-07:00,2025-04-18T19:16:41-07:00,0,26
global.js,25,js,f38d6913,jecDSC,2025-04-18,19:16:41,-07:00,2025-04-18T19:16:41-07:00,0,0
global.js,26,js,15e440b9,jecDSC,2025-04-18,20:07:10,-07:00,2025-04-18T20:07:10-07:00,0,89
global.js,27,js,15e440b9,jecDSC,2025-04-18,20:07:10,-07:00,2025-04-18T20:07:10-07:00,0,4
global.js,28,js,15e440b9,jecDSC,2025-04-18,20:07:10,-07:00,2025-04-18T20:07:10-07:00,0,15
global.js,29,js,15e440b9,jecDSC,2025-04-18,20:07:10,-07:00,2025-04-18T20:07:10-07:00,0,0
global.js,30,js,f38d6913,jecDSC,2025-04-18,19:16:41,-07:00,2025-04-18T19:16:41-07:00,0,21
global.js,31,js,f38d6913,jecDSC,2025-04-18,19:16:41,-07:00,2025-04-18T19:16:41-07:00,0,15
global.js,32,js,f38d6913,jecDSC,2025-04-18,19:16:41,-07:00,2025-04-18T19:16:41-07:00,0,19
global.js,33,js,15e440b9,jecDSC,2025-04-18,20:07:10,-07:00,2025-04-18T20:07:10-07:00,0,53
global.js,34,js,a2e8f0d4,jecDSC,2025-04-18,21:00:45,-07:00,2025-04-18T21:00:45-07:00,0,0
global.js,35,js,a2e8f0d4,jecDSC,2025-04-18,21:00:45,-07:00,2025-04-18T21:00:45-07:00,0,35
global.js,36,js,a2e8f0d4,jecDSC,2025-04-18,21:00:45,-07:00,2025-04-18T21:00:45-07:00,0,12
global.js,37,js,a2e8f0d4,jecDSC,2025-04-18,21:00:45,-07:00,2025-04-18T21:00:45-07:00,0,21
global.js,38,js,a2e8f0d4,jecDSC,2025-04-18,21:00:45,-07:00,2025-04-18T21:00:45-07:00,0,13
global.js,39,js,a2e8f0d4,jecDSC,2025-04-18,21:00:45,-07:00,2025-04-18T21:00:45-07:00,0,0
global.js,40,js,a2e8f0d4,jecDSC,2025-04-18,21:00:45,-07:00,2025-04-18T21:00:45-07:00,0,66
global.js,41,js,a2e8f0d4,jecDSC,2025-04-18,21:00:45,-07:00,2025-04-18T21:00:45-07:00,0,26
global.js,42,js,a2e8f0d4,jecDSC,2025-04-18,21:00:45,-07:00,2025-04-18T21:00:45-07:00,0,0
global.js,43,js,a2e8f0d4,jecDSC,2025-04-18,21:00:45,-07:00,2025-04-18T21:00:45-07:00,0,5
global.js,44,js,a2e8f0d4,jecDSC,2025-04-18,21:00:45,-07:00,2025-04-18T21:00:45-07:00,0,18
global.js,45,js,a2e8f0d4,jecDSC,2025-04-18,21:00:45,-07:00,2025-04-18T21:00:45-07:00,0,0
global.js,46,js,f38d6913,jecDSC,2025-04-18,19:16:41,-07:00,2025-04-18T19:16:41-07:00,0,0
global.js,47,js,f38d6913,jecDSC,2025-04-18,19:16:41,-07:00,2025-04-18T19:16:41-07:00,0,0
global.js,48,js,a2e8f0d4,jecDSC,2025-04-18,21:00:45,-07:00,2025-04-18T21:00:45-07:00,0,32
global.js,49,js,a2e8f0d4,jecDSC,2025-04-18,21:00:45,-07:00,2025-04-18T21:00:45-07:00,0,12
global.js,50,js,a2e8f0d4,jecDSC,2025-04-18,21:00:45,-07:00,2025-04-18T21:00:45-07:00,0,0
global.js,51,js,a2e8f0d4,jecDSC,2025-04-18,21:00:45,-07:00,2025-04-18T21:00:45-07:00,1,27
global.js,52,js,a2e8f0d4,jecDSC,2025-04-18,21:00:45,-07:00,2025-04-18T21:00:45-07:00,2,5
global.js,53,js,a2e8f0d4,jecDSC,2025-04-18,21:00:45,-07:00,2025-04-18T21:00:45-07:00,2,7
global.js,54,js,a2e8f0d4,jecDSC,2025-04-18,21:00:45,-07:00,2025-04-18T21:00:45-07:00,3,39
global.js,55,js,a2e8f0d4,jecDSC,2025-04-18,21:00:45,-07:00,2025-04-18T21:00:45-07:00,0,35
global.js,56,js,a2e8f0d4,jecDSC,2025-04-18,21:00:45,-07:00,2025-04-18T21:00:45-07:00,0,33
global.js,57,js,a2e8f0d4,jecDSC,2025-04-18,21:00:45,-07:00,2025-04-18T21:00:45-07:00,2,8
global.js,58,js,a2e8f0d4,jecDSC,2025-04-18,21:00:45,-07:00,2025-04-18T21:00:45-07:00,1,9
global.js,59,js,a2e8f0d4,jecDSC,2025-04-18,21:00:45,-07:00,2025-04-18T21:00:45-07:00,0,1
global.js,60,js,a2e8f0d4,jecDSC,2025-04-18,21:00:45,-07:00,2025-04-18T21:00:45-07:00,0,0
global.js,61,js,a2e8f0d4,jecDSC,2025-04-18,21:00:45,-07:00,2025-04-18T21:00:45-07:00,0,51
global.js,62,js,a2e8f0d4,jecDSC,2025-04-18,21:00:45,-07:00,2025-04-18T21:00:45-07:00,0,50
global.js,63,js,a2e8f0d4,jecDSC,2025-04-18,21:00:45,-07:00,2025-04-18T21:00:45-07:00,0,78
global.js,64,js,a2e8f0d4,jecDSC,2025-04-18,21:00:45,-07:00,2025-04-18T21:00:45-07:00,0,58
global.js,65,js,a2e8f0d4,jecDSC,2025-04-18,21:00:45,-07:00,2025-04-18T21:00:45-07:00,0,44
global.js,66,js,a2e8f0d4,jecDSC,2025-04-18,21:00:45,-07:00,2025-04-18T21:00:45-07:00,0,2
global.js,67,js,a2e8f0d4,jecDSC,2025-04-18,21:00:45,-07:00,2025-04-18T21:00:45-07:00,0,0
global.js,68,js,a2e8f0d4,jecDSC,2025-04-18,21:00:45,-07:00,2025-04-18T21:00:45-07:00,0,38
global.js,69,js,a2e8f0d4,jecDSC,2025-04-18,21:00:45,-07:00,2025-04-18T21:00:45-07:00,0,84
global.js,70,js,a2e8f0d4,jecDSC,2025-04-18,21:00:45,-07:00,2025-04-18T21:00:45-07:00,0,64
global.js,71,js,7215ae34,jecDSC,2025-04-25,18:27:56,-07:00,2025-04-25T18:27:56-07:00,0,0
global.js,72,js,7215ae34,jecDSC,2025-04-25,18:27:56,-07:00,2025-04-25T18:27:56-07:00,0,0
global.js,73,js,7215ae34,jecDSC,2025-04-25,18:27:56,-07:00,2025-04-25T18:27:56-07:00,0,37
global.js,74,js,7215ae34,jecDSC,2025-04-25,18:27:56,-07:00,2025-04-25T18:27:56-07:00,0,4
global.js,75,js,7215ae34,jecDSC,2025-04-25,18:27:56,-07:00,2025-04-25T18:27:56-07:00,0,33
global.js,76,js,7215ae34,jecDSC,2025-04-25,18:27:56,-07:00,2025-04-25T18:27:56-07:00,0,18
global.js,77,js,7215ae34,jecDSC,2025-04-25,18:27:56,-07:00,2025-04-25T18:27:56-07:00,0,67
global.js,78,js,7215ae34,jecDSC,2025-04-25,18:27:56,-07:00,2025-04-25T18:27:56-07:00,0,0
global.js,79,js,6133736f,jecDSC,2025-04-25,20:22:49,-07:00,2025-04-25T20:22:49-07:00,0,34
global.js,80,js,6133736f,jecDSC,2025-04-25,20:22:49,-07:00,2025-04-25T20:22:49-07:00,0,11
global.js,81,js,7215ae34,jecDSC,2025-04-25,18:27:56,-07:00,2025-04-25T18:27:56-07:00,0,16
global.js,82,js,7215ae34,jecDSC,2025-04-25,18:27:56,-07:00,2025-04-25T18:27:56-07:00,0,60
global.js,83,js,7215ae34,jecDSC,2025-04-25,18:27:56,-07:00,2025-04-25T18:27:56-07:00,0,0
global.js,84,js,7215ae34,jecDSC,2025-04-25,18:27:56,-07:00,2025-04-25T18:27:56-07:00,0,0
global.js,85,js,7215ae34,jecDSC,2025-04-25,18:27:56,-07:00,2025-04-25T18:27:56-07:00,0,0
global.js,86,js,6133736f,jecDSC,2025-04-25,20:22:49,-07:00,2025-04-25T20:22:49-07:00,0,61
global.js,87,js,6133736f,jecDSC,2025-04-25,20:22:49,-07:00,2025-04-25T20:22:49-07:00,0,36
global.js,88,js,6133736f,jecDSC,2025-04-25,20:22:49,-07:00,2025-04-25T20:22:49-07:00,0,54
global.js,89,js,6133736f,jecDSC,2025-04-25,20:22:49,-07:00,2025-04-25T20:22:49-07:00,0,132
global.js,90,js,6133736f,jecDSC,2025-04-25,20:22:49,-07:00,2025-04-25T20:22:49-07:00,0,42
global.js,91,js,6133736f,jecDSC,2025-04-25,20:22:49,-07:00,2025-04-25T20:22:49-07:00,0,3
global.js,92,js,6133736f,jecDSC,2025-04-25,20:22:49,-07:00,2025-04-25T20:22:49-07:00,0,0
global.js,93,js,6133736f,jecDSC,2025-04-25,20:22:49,-07:00,2025-04-25T20:22:49-07:00,0,79
global.js,94,js,7215ae34,jecDSC,2025-04-25,18:27:56,-07:00,2025-04-25T18:27:56-07:00,0,31
global.js,95,js,6133736f,jecDSC,2025-04-25,20:22:49,-07:00,2025-04-25T20:22:49-07:00,0,41
global.js,96,js,6133736f,jecDSC,2025-04-25,20:22:49,-07:00,2025-04-25T20:22:49-07:00,0,49
global.js,97,js,6133736f,jecDSC,2025-04-25,20:22:49,-07:00,2025-04-25T20:22:49-07:00,0,74
global.js,98,js,6133736f,jecDSC,2025-04-25,20:22:49,-07:00,2025-04-25T20:22:49-07:00,0,56
global.js,99,js,0029259d,jecDSC,2025-05-03,23:50:15,-07:00,2025-05-03T23:50:15-07:00,0,31
global.js,100,js,0029259d,jecDSC,2025-05-03,23:50:15,-07:00,2025-05-03T23:50:15-07:00,0,32
global.js,101,js,6133736f,jecDSC,2025-04-25,20:22:49,-07:00,2025-04-25T20:22:49-07:00,0,37
global.js,102,js,6133736f,jecDSC,2025-04-25,20:22:49,-07:00,2025-04-25T20:22:49-07:00,0,0
global.js,103,js,3f2c72a8,jecDSC,2025-04-25,20:47:03,-07:00,2025-04-25T20:47:03-07:00,0,0
global.js,104,js,3f2c72a8,jecDSC,2025-04-25,20:47:03,-07:00,2025-04-25T20:47:03-07:00,0,0
global.js,105,js,3f2c72a8,jecDSC,2025-04-25,20:47:03,-07:00,2025-04-25T20:47:03-07:00,0,36
projects\projects.js,1,js,7215ae34,jecDSC,2025-04-25,18:27:56,-07:00,2025-04-25T18:27:56-07:00,0,56
projects\projects.js,2,js,7215ae34,jecDSC,2025-04-25,18:27:56,-07:00,2025-04-25T18:27:56-07:00,0,0
projects\projects.js,3,js,7215ae34,jecDSC,2025-04-25,18:27:56,-07:00,2025-04-25T18:27:56-07:00,0,56
projects\projects.js,4,js,7215ae34,jecDSC,2025-04-25,18:27:56,-07:00,2025-04-25T18:27:56-07:00,0,61
projects\projects.js,5,js,7215ae34,jecDSC,2025-04-25,18:27:56,-07:00,2025-04-25T18:27:56-07:00,0,0
projects\projects.js,6,js,6133736f,jecDSC,2025-04-25,20:22:49,-07:00,2025-04-25T20:22:49-07:00,0,49
projects\projects.js,7,js,6133736f,jecDSC,2025-04-25,20:22:49,-07:00,2025-04-25T20:22:49-07:00,0,0
projects\projects.js,8,js,6133736f,jecDSC,2025-04-25,20:22:49,-07:00,2025-04-25T20:22:49-07:00,0,54
projects\projects.js,9,js,0029259d,jecDSC,2025-05-03,23:50:15,-07:00,2025-05-03T23:50:15-07:00,0,48
projects\projects.js,10,js,0029259d,jecDSC,2025-05-03,23:50:15,-07:00,2025-05-03T23:50:15-07:00,0,0
projects\projects.js,11,js,0029259d,jecDSC,2025-05-03,23:50:15,-07:00,2025-05-03T23:50:15-07:00,0,25
projects\projects.js,12,js,0029259d,jecDSC,2025-05-03,23:50:15,-07:00,2025-05-03T23:50:15-07:00,0,0
projects\projects.js,13,js,0029259d,jecDSC,2025-05-03,23:50:15,-07:00,2025-05-03T23:50:15-07:00,0,64
projects\projects.js,14,js,0029259d,jecDSC,2025-05-03,23:50:15,-07:00,2025-05-03T23:50:15-07:00,0,0
projects\projects.js,15,js,0029259d,jecDSC,2025-05-03,23:50:15,-07:00,2025-05-03T23:50:15-07:00,0,14
projects\projects.js,16,js,0029259d,jecDSC,2025-05-03,23:50:15,-07:00,2025-05-03T23:50:15-07:00,0,54
projects\projects.js,17,js,0029259d,jecDSC,2025-05-03,23:50:15,-07:00,2025-05-03T23:50:15-07:00,0,50
projects\projects.js,18,js,0029259d,jecDSC,2025-05-03,23:50:15,-07:00,2025-05-03T23:50:15-07:00,0,20
projects\projects.js,19,js,0029259d,jecDSC,2025-05-03,23:50:15,-07:00,2025-05-03T23:50:15-07:00,0,26
projects\projects.js,20,js,0029259d,jecDSC,2025-05-03,23:50:15,-07:00,2025-05-03T23:50:15-07:00,0,17
projects\projects.js,21,js,0029259d,jecDSC,2025-05-03,23:50:15,-07:00,2025-05-03T23:50:15-07:00,0,52
projects\projects.js,22,js,0029259d,jecDSC,2025-05-03,23:50:15,-07:00,2025-05-03T23:50:15-07:00,0,60
projects\projects.js,23,js,0029259d,jecDSC,2025-05-03,23:50:15,-07:00,2025-05-03T23:50:15-07:00,0,43
projects\projects.js,24,js,0029259d,jecDSC,2025-05-03,23:50:15,-07:00,2025-05-03T23:50:15-07:00,0,2
projects\projects.js,25,js,0029259d,jecDSC,2025-05-03,23:50:15,-07:00,2025-05-03T23:50:15-07:00,0,26
projects\projects.js,26,js,0029259d,jecDSC,2025-05-03,23:50:15,-07:00,2025-05-03T23:50:15-07:00,0,57
projects\projects.js,27,js,0029259d,jecDSC,2025-05-03,23:50:15,-07:00,2025-05-03T23:50:15-07:00,0,2
projects\projects.js,28,js,0029259d,jecDSC,2025-05-03,23:50:15,-07:00,2025-05-03T23:50:15-07:00,0,0
projects\projects.js,29,js,0029259d,jecDSC,2025-05-03,23:50:15,-07:00,2025-05-03T23:50:15-07:00,0,39
projects\projects.js,30,js,0029259d,jecDSC,2025-05-03,23:50:15,-07:00,2025-05-03T23:50:15-07:00,0,29
projects\projects.js,31,js,0029259d,jecDSC,2025-05-03,23:50:15,-07:00,2025-05-03T23:50:15-07:00,0,33
projects\projects.js,32,js,0029259d,jecDSC,2025-05-03,23:50:15,-07:00,2025-05-03T23:50:15-07:00,0,58
projects\projects.js,33,js,0029259d,jecDSC,2025-05-03,23:50:15,-07:00,2025-05-03T23:50:15-07:00,0,0
projects\projects.js,34,js,0029259d,jecDSC,2025-05-03,23:50:15,-07:00,2025-05-03T23:50:15-07:00,0,27
projects\projects.js,35,js,0029259d,jecDSC,2025-05-03,23:50:15,-07:00,2025-05-03T23:50:15-07:00,0,8
projects\projects.js,36,js,0029259d,jecDSC,2025-05-03,23:50:15,-07:00,2025-05-03T23:50:15-07:00,0,15
projects\projects.js,37,js,0029259d,jecDSC,2025-05-03,23:50:15,-07:00,2025-05-03T23:50:15-07:00,0,13
projects\projects.js,38,js,0029259d,jecDSC,2025-05-03,23:50:15,-07:00,2025-05-03T23:50:15-07:00,0,1
projects\projects.js,39,js,0029259d,jecDSC,2025-05-03,23:50:15,-07:00,2025-05-03T23:50:15-07:00,0,45
projects\projects.js,40,js,0029259d,jecDSC,2025-05-03,23:50:15,-07:00,2025-05-03T23:50:15-07:00,0,36
projects\projects.js,41,js,0029259d,jecDSC,2025-05-03,23:50:15,-07:00,2025-05-03T23:50:15-07:00,0,2
projects\projects.js,42,js,0029259d,jecDSC,2025-05-03,23:50:15,-07:00,2025-05-03T23:50:15-07:00,0,51
projects\projects.js,43,js,0029259d,jecDSC,2025-05-03,23:50:15,-07:00,2025-05-03T23:50:15-07:00,0,51
projects\projects.js,44,js,0029259d,jecDSC,2025-05-03,23:50:15,-07:00,2025-05-03T23:50:15-07:00,0,34
projects\projects.js,45,js,0029259d,jecDSC,2025-05-03,23:50:15,-07:00,2025-05-03T23:50:15-07:00,0,46
projects\projects.js,46,js,0029259d,jecDSC,2025-05-03,23:50:15,-07:00,2025-05-03T23:50:15-07:00,0,0
projects\projects.js,47,js,0029259d,jecDSC,2025-05-03,23:50:15,-07:00,2025-05-03T23:50:15-07:00,0,13
projects\projects.js,48,js,0029259d,jecDSC,2025-05-03,23:50:15,-07:00,2025-05-03T23:50:15-07:00,0,20
projects\projects.js,49,js,0029259d,jecDSC,2025-05-03,23:50:15,-07:00,2025-05-03T23:50:15-07:00,0,10
projects\projects.js,50,js,0029259d,jecDSC,2025-05-03,23:50:15,-07:00,2025-05-03T23:50:15-07:00,0,0
projects\projects.js,51,js,0029259d,jecDSC,2025-05-03,23:50:15,-07:00,2025-05-03T23:50:15-07:00,0,13
projects\projects.js,52,js,0029259d,jecDSC,2025-05-03,23:50:15,-07:00,2025-05-03T23:50:15-07:00,0,20
projects\projects.js,53,js,0029259d,jecDSC,2025-05-03,23:50:15,-07:00,2025-05-03T23:50:15-07:00,0,48
projects\projects.js,54,js,0029259d,jecDSC,2025-05-03,23:50:15,-07:00,2025-05-03T23:50:15-07:00,0,45
projects\projects.js,55,js,0029259d,jecDSC,2025-05-03,23:50:15,-07:00,2025-05-03T23:50:15-07:00,0,16
projects\projects.js,56,js,0029259d,jecDSC,2025-05-03,23:50:15,-07:00,2025-05-03T23:50:15-07:00,0,0
projects\projects.js,57,js,0029259d,jecDSC,2025-05-03,23:50:15,-07:00,2025-05-03T23:50:15-07:00,0,0
projects\projects.js,58,js,0029259d,jecDSC,2025-05-03,23:50:15,-07:00,2025-05-03T23:50:15-07:00,0,22
projects\projects.js,59,js,0029259d,jecDSC,2025-05-03,23:50:15,-07:00,2025-05-03T23:50:15-07:00,0,66
projects\projects.js,60,js,0029259d,jecDSC,2025-05-03,23:50:15,-07:00,2025-05-03T23:50:15-07:00,0,2
projects\projects.js,61,js,0029259d,jecDSC,2025-05-03,23:50:15,-07:00,2025-05-03T23:50:15-07:00,0,0
projects\projects.js,62,js,0029259d,jecDSC,2025-05-03,23:50:15,-07:00,2025-05-03T23:50:15-07:00,0,0
projects\projects.js,63,js,0029259d,jecDSC,2025-05-03,23:50:15,-07:00,2025-05-03T23:50:15-07:00,0,48
projects\projects.js,64,js,0029259d,jecDSC,2025-05-03,23:50:15,-07:00,2025-05-03T23:50:15-07:00,0,27
projects\projects.js,65,js,0029259d,jecDSC,2025-05-03,23:50:15,-07:00,2025-05-03T23:50:15-07:00,0,15
projects\projects.js,66,js,0029259d,jecDSC,2025-05-03,23:50:15,-07:00,2025-05-03T23:50:15-07:00,0,14
projects\projects.js,67,js,0029259d,jecDSC,2025-05-03,23:50:15,-07:00,2025-05-03T23:50:15-07:00,0,14
projects\projects.js,68,js,0029259d,jecDSC,2025-05-03,23:50:15,-07:00,2025-05-03T23:50:15-07:00,0,25
projects\projects.js,69,js,0029259d,jecDSC,2025-05-03,23:50:15,-07:00,2025-05-03T23:50:15-07:00,0,1
projects\projects.js,70,js,0029259d,jecDSC,2025-05-03,23:50:15,-07:00,2025-05-03T23:50:15-07:00,0,0
projects\projects.js,71,js,0029259d,jecDSC,2025-05-03,23:50:15,-07:00,2025-05-03T23:50:15-07:00,0,33
projects\projects.js,72,js,0029259d,jecDSC,2025-05-03,23:50:15,-07:00,2025-05-03T23:50:15-07:00,0,25
projects\projects.js,73,js,0029259d,jecDSC,2025-05-03,23:50:15,-07:00,2025-05-03T23:50:15-07:00,0,5
projects\projects.js,74,js,0029259d,jecDSC,2025-05-03,23:50:15,-07:00,2025-05-03T23:50:15-07:00,0,12
projects\projects.js,75,js,0029259d,jecDSC,2025-05-03,23:50:15,-07:00,2025-05-03T23:50:15-07:00,0,94
projects\projects.js,76,js,0029259d,jecDSC,2025-05-03,23:50:15,-07:00,2025-05-03T23:50:15-07:00,0,29
projects\projects.js,77,js,0029259d,jecDSC,2025-05-03,23:50:15,-07:00,2025-05-03T23:50:15-07:00,0,140
projects\projects.js,78,js,0029259d,jecDSC,2025-05-03,23:50:15,-07:00,2025-05-03T23:50:15-07:00,0,2
projects\projects.js,79,js,0029259d,jecDSC,2025-05-03,23:50:15,-07:00,2025-05-03T23:50:15-07:00,0,0
projects\projects.js,80,js,0029259d,jecDSC,2025-05-03,23:50:15,-07:00,2025-05-03T23:50:15-07:00,0,0
projects\projects.js,81,js,0029259d,jecDSC,2025-05-03,23:50:15,-07:00,2025-05-03T23:50:15-07:00,0,33
projects\projects.js,82,js,0029259d,jecDSC,2025-05-03,23:50:15,-07:00,2025-05-03T23:50:15-07:00,0,24
projects\projects.js,83,js,0029259d,jecDSC,2025-05-03,23:50:15,-07:00,2025-05-03T23:50:15-07:00,0,0
projects\projects.js,84,js,0029259d,jecDSC,2025-05-03,23:50:15,-07:00,2025-05-03T23:50:15-07:00,0,50
projects\projects.js,85,js,0029259d,jecDSC,2025-05-03,23:50:15,-07:00,2025-05-03T23:50:15-07:00,0,51
projects\projects.js,86,js,0029259d,jecDSC,2025-05-03,23:50:15,-07:00,2025-05-03T23:50:15-07:00,0,53
projects\projects.js,87,js,0029259d,jecDSC,2025-05-03,23:50:15,-07:00,2025-05-03T23:50:15-07:00,0,57
projects\projects.js,88,js,0029259d,jecDSC,2025-05-03,23:50:15,-07:00,2025-05-03T23:50:15-07:00,0,32
projects\projects.js,89,js,0029259d,jecDSC,2025-05-03,23:50:15,-07:00,2025-05-03T23:50:15-07:00,0,2
projects\index.html,1,html,12cbcc51,jecDSC,2025-04-04,18:35:20,-07:00,2025-04-04T18:35:20-07:00,0,14
projects\index.html,2,html,12cbcc51,jecDSC,2025-04-04,18:35:20,-07:00,2025-04-04T18:35:20-07:00,0,15
projects\index.html,3,html,12cbcc51,jecDSC,2025-04-04,18:35:20,-07:00,2025-04-04T18:35:20-07:00,0,5
projects\index.html,4,html,12cbcc51,jecDSC,2025-04-04,18:35:20,-07:00,2025-04-04T18:35:20-07:00,0,21
projects\index.html,5,html,12cbcc51,jecDSC,2025-04-04,18:35:20,-07:00,2025-04-04T18:35:20-07:00,0,69
projects\index.html,6,html,6133736f,jecDSC,2025-04-25,20:22:49,-07:00,2025-04-25T20:22:49-07:00,0,25
projects\index.html,7,html,fd2e0c2d,jecDSC,2025-04-12,00:31:14,-07:00,2025-04-12T00:31:14-07:00,0,42
projects\index.html,8,html,f38d6913,jecDSC,2025-04-18,19:16:41,-07:00,2025-04-18T19:16:41-07:00,0,9
projects\index.html,9,html,f38d6913,jecDSC,2025-04-18,19:16:41,-07:00,2025-04-18T19:16:41-07:00,0,3
projects\index.html,10,html,f38d6913,jecDSC,2025-04-18,19:16:41,-07:00,2025-04-18T19:16:41-07:00,0,78
projects\index.html,11,html,f38d6913,jecDSC,2025-04-18,19:16:41,-07:00,2025-04-18T19:16:41-07:00,0,101
projects\index.html,12,html,f38d6913,jecDSC,2025-04-18,19:16:41,-07:00,2025-04-18T19:16:41-07:00,0,89
projects\index.html,13,html,f38d6913,jecDSC,2025-04-18,19:16:41,-07:00,2025-04-18T19:16:41-07:00,0,99
projects\index.html,14,html,f38d6913,jecDSC,2025-04-18,19:16:41,-07:00,2025-04-18T19:16:41-07:00,0,4
projects\index.html,15,html,f38d6913,jecDSC,2025-04-18,19:16:41,-07:00,2025-04-18T19:16:41-07:00,0,9
projects\index.html,16,html,f38d6913,jecDSC,2025-04-18,19:16:41,-07:00,2025-04-18T19:16:41-07:00,0,50
projects\index.html,17,html,6133736f,jecDSC,2025-04-25,20:22:49,-07:00,2025-04-25T20:22:49-07:00,0,49
projects\index.html,18,html,12cbcc51,jecDSC,2025-04-04,18:35:20,-07:00,2025-04-04T18:35:20-07:00,0,6
projects\index.html,19,html,12cbcc51,jecDSC,2025-04-04,18:35:20,-07:00,2025-04-04T18:35:20-07:00,0,5
projects\index.html,20,html,0029259d,jecDSC,2025-05-03,23:50:15,-07:00,2025-05-03T23:50:15-07:00,0,0
projects\index.html,21,html,6133736f,jecDSC,2025-04-25,20:22:49,-07:00,2025-04-25T20:22:49-07:00,0,42
projects\index.html,22,html,0029259d,jecDSC,2025-05-03,23:50:15,-07:00,2025-05-03T23:50:15-07:00,0,58
projects\index.html,23,html,0029259d,jecDSC,2025-05-03,23:50:15,-07:00,2025-05-03T23:50:15-07:00,0,41
projects\index.html,24,html,0029259d,jecDSC,2025-05-03,23:50:15,-07:00,2025-05-03T23:50:15-07:00,0,9
projects\index.html,25,html,0029259d,jecDSC,2025-05-03,23:50:15,-07:00,2025-05-03T23:50:15-07:00,0,22
projects\index.html,26,html,0029259d,jecDSC,2025-05-03,23:50:15,-07:00,2025-05-03T23:50:15-07:00,0,53
projects\index.html,27,html,0029259d,jecDSC,2025-05-03,23:50:15,-07:00,2025-05-03T23:50:15-07:00,0,78
projects\index.html,28,html,0029259d,jecDSC,2025-05-03,23:50:15,-07:00,2025-05-03T23:50:15-07:00,0,5
projects\index.html,29,html,0029259d,jecDSC,2025-05-03,23:50:15,-07:00,2025-05-03T23:50:15-07:00,0,23
projects\index.html,30,html,0029259d,jecDSC,2025-05-03,23:50:15,-07:00,2025-05-03T23:50:15-07:00,0,5
projects\index.html,31,html,0029259d,jecDSC,2025-05-03,23:50:15,-07:00,2025-05-03T23:50:15-07:00,0,5
projects\index.html,32,html,0029259d,jecDSC,2025-05-03,23:50:15,-07:00,2025-05-03T23:50:15-07:00,0,16
projects\index.html,33,html,0029259d,jecDSC,2025-05-03,23:50:15,-07:00,2025-05-03T23:50:15-07:00,0,12
projects\index.html,34,html,0029259d,jecDSC,2025-05-03,23:50:15,-07:00,2025-05-03T23:50:15-07:00,0,27
projects\index.html,35,html,0029259d,jecDSC,2025-05-03,23:50:15,-07:00,2025-05-03T23:50:15-07:00,0,32
projects\index.html,36,html,0029259d,jecDSC,2025-05-03,23:50:15,-07:00,2025-05-03T23:50:15-07:00,0,1
projects\index.html,37,html,588205ce,jecDSC,2025-04-11,23:47:04,-07:00,2025-04-11T23:47:04-07:00,0,21
projects\index.html,38,html,6133736f,jecDSC,2025-04-25,20:22:49,-07:00,2025-04-25T20:22:49-07:00,0,13
projects\index.html,39,html,588205ce,jecDSC,2025-04-11,23:47:04,-07:00,2025-04-11T23:47:04-07:00,0,30
projects\index.html,40,html,588205ce,jecDSC,2025-04-11,23:47:04,-07:00,2025-04-11T23:47:04-07:00,0,71
projects\index.html,41,html,588205ce,jecDSC,2025-04-11,23:47:04,-07:00,2025-04-11T23:47:04-07:00,0,242
projects\index.html,42,html,588205ce,jecDSC,2025-04-11,23:47:04,-07:00,2025-04-11T23:47:04-07:00,0,9
projects\index.html,43,html,588205ce,jecDSC,2025-04-11,23:47:04,-07:00,2025-04-11T23:47:04-07:00,0,8
projects\index.html,44,html,588205ce,jecDSC,2025-04-11,23:47:04,-07:00,2025-04-11T23:47:04-07:00,0,44
projects\index.html,45,html,588205ce,jecDSC,2025-04-11,23:47:04,-07:00,2025-04-11T23:47:04-07:00,0,71
projects\index.html,46,html,588205ce,jecDSC,2025-04-11,23:47:04,-07:00,2025-04-11T23:47:04-07:00,0,236
projects\index.html,47,html,588205ce,jecDSC,2025-04-11,23:47:04,-07:00,2025-04-11T23:47:04-07:00,0,9
projects\index.html,48,html,588205ce,jecDSC,2025-04-11,23:47:04,-07:00,2025-04-11T23:47:04-07:00,0,8
projects\index.html,49,html,588205ce,jecDSC,2025-04-11,23:47:04,-07:00,2025-04-11T23:47:04-07:00,0,38
projects\index.html,50,html,588205ce,jecDSC,2025-04-11,23:47:04,-07:00,2025-04-11T23:47:04-07:00,0,71
projects\index.html,51,html,588205ce,jecDSC,2025-04-11,23:47:04,-07:00,2025-04-11T23:47:04-07:00,0,217
projects\index.html,52,html,588205ce,jecDSC,2025-04-11,23:47:04,-07:00,2025-04-11T23:47:04-07:00,0,9
projects\index.html,53,html,588205ce,jecDSC,2025-04-11,23:47:04,-07:00,2025-04-11T23:47:04-07:00,0,8
projects\index.html,54,html,588205ce,jecDSC,2025-04-11,23:47:04,-07:00,2025-04-11T23:47:04-07:00,0,42
projects\index.html,55,html,588205ce,jecDSC,2025-04-11,23:47:04,-07:00,2025-04-11T23:47:04-07:00,0,71
projects\index.html,56,html,588205ce,jecDSC,2025-04-11,23:47:04,-07:00,2025-04-11T23:47:04-07:00,0,221
projects\index.html,57,html,588205ce,jecDSC,2025-04-11,23:47:04,-07:00,2025-04-11T23:47:04-07:00,0,9
projects\index.html,58,html,588205ce,jecDSC,2025-04-11,23:47:04,-07:00,2025-04-11T23:47:04-07:00,0,8
projects\index.html,59,html,588205ce,jecDSC,2025-04-11,23:47:04,-07:00,2025-04-11T23:47:04-07:00,0,43
projects\index.html,60,html,588205ce,jecDSC,2025-04-11,23:47:04,-07:00,2025-04-11T23:47:04-07:00,0,71
projects\index.html,61,html,588205ce,jecDSC,2025-04-11,23:47:04,-07:00,2025-04-11T23:47:04-07:00,0,237
projects\index.html,62,html,588205ce,jecDSC,2025-04-11,23:47:04,-07:00,2025-04-11T23:47:04-07:00,0,9
projects\index.html,63,html,588205ce,jecDSC,2025-04-11,23:47:04,-07:00,2025-04-11T23:47:04-07:00,0,8
projects\index.html,64,html,588205ce,jecDSC,2025-04-11,23:47:04,-07:00,2025-04-11T23:47:04-07:00,0,37
projects\index.html,65,html,588205ce,jecDSC,2025-04-11,23:47:04,-07:00,2025-04-11T23:47:04-07:00,0,71
projects\index.html,66,html,588205ce,jecDSC,2025-04-11,23:47:04,-07:00,2025-04-11T23:47:04-07:00,0,240
projects\index.html,67,html,588205ce,jecDSC,2025-04-11,23:47:04,-07:00,2025-04-11T23:47:04-07:00,0,9
projects\index.html,68,html,588205ce,jecDSC,2025-04-11,23:47:04,-07:00,2025-04-11T23:47:04-07:00,0,8
projects\index.html,69,html,588205ce,jecDSC,2025-04-11,23:47:04,-07:00,2025-04-11T23:47:04-07:00,0,41
projects\index.html,70,html,588205ce,jecDSC,2025-04-11,23:47:04,-07:00,2025-04-11T23:47:04-07:00,0,71
projects\index.html,71,html,588205ce,jecDSC,2025-04-11,23:47:04,-07:00,2025-04-11T23:47:04-07:00,0,247
projects\index.html,72,html,588205ce,jecDSC,2025-04-11,23:47:04,-07:00,2025-04-11T23:47:04-07:00,0,9
projects\index.html,73,html,588205ce,jecDSC,2025-04-11,23:47:04,-07:00,2025-04-11T23:47:04-07:00,0,8
projects\index.html,74,html,588205ce,jecDSC,2025-04-11,23:47:04,-07:00,2025-04-11T23:47:04-07:00,0,39
projects\index.html,75,html,588205ce,jecDSC,2025-04-11,23:47:04,-07:00,2025-04-11T23:47:04-07:00,0,71
projects\index.html,76,html,588205ce,jecDSC,2025-04-11,23:47:04,-07:00,2025-04-11T23:47:04-07:00,0,234
projects\index.html,77,html,588205ce,jecDSC,2025-04-11,23:47:04,-07:00,2025-04-11T23:47:04-07:00,0,9
projects\index.html,78,html,588205ce,jecDSC,2025-04-11,23:47:04,-07:00,2025-04-11T23:47:04-07:00,0,8
projects\index.html,79,html,588205ce,jecDSC,2025-04-11,23:47:04,-07:00,2025-04-11T23:47:04-07:00,0,54
projects\index.html,80,html,588205ce,jecDSC,2025-04-11,23:47:04,-07:00,2025-04-11T23:47:04-07:00,0,71
projects\index.html,81,html,588205ce,jecDSC,2025-04-11,23:47:04,-07:00,2025-04-11T23:47:04-07:00,0,235
projects\index.html,82,html,588205ce,jecDSC,2025-04-11,23:47:04,-07:00,2025-04-11T23:47:04-07:00,0,9
projects\index.html,83,html,588205ce,jecDSC,2025-04-11,23:47:04,-07:00,2025-04-11T23:47:04-07:00,0,8
projects\index.html,84,html,588205ce,jecDSC,2025-04-11,23:47:04,-07:00,2025-04-11T23:47:04-07:00,0,34
projects\index.html,85,html,588205ce,jecDSC,2025-04-11,23:47:04,-07:00,2025-04-11T23:47:04-07:00,0,71
projects\index.html,86,html,588205ce,jecDSC,2025-04-11,23:47:04,-07:00,2025-04-11T23:47:04-07:00,0,236
projects\index.html,87,html,588205ce,jecDSC,2025-04-11,23:47:04,-07:00,2025-04-11T23:47:04-07:00,0,9
projects\index.html,88,html,588205ce,jecDSC,2025-04-11,23:47:04,-07:00,2025-04-11T23:47:04-07:00,0,8
projects\index.html,89,html,588205ce,jecDSC,2025-04-11,23:47:04,-07:00,2025-04-11T23:47:04-07:00,0,28
projects\index.html,90,html,588205ce,jecDSC,2025-04-11,23:47:04,-07:00,2025-04-11T23:47:04-07:00,0,71
projects\index.html,91,html,588205ce,jecDSC,2025-04-11,23:47:04,-07:00,2025-04-11T23:47:04-07:00,0,256
projects\index.html,92,html,588205ce,jecDSC,2025-04-11,23:47:04,-07:00,2025-04-11T23:47:04-07:00,0,9
projects\index.html,93,html,588205ce,jecDSC,2025-04-11,23:47:04,-07:00,2025-04-11T23:47:04-07:00,0,8
projects\index.html,94,html,588205ce,jecDSC,2025-04-11,23:47:04,-07:00,2025-04-11T23:47:04-07:00,0,42
projects\index.html,95,html,588205ce,jecDSC,2025-04-11,23:47:04,-07:00,2025-04-11T23:47:04-07:00,0,71
projects\index.html,96,html,588205ce,jecDSC,2025-04-11,23:47:04,-07:00,2025-04-11T23:47:04-07:00,0,221
projects\index.html,97,html,6133736f,jecDSC,2025-04-25,20:22:49,-07:00,2025-04-25T20:22:49-07:00,0,13
projects\index.html,98,html,588205ce,jecDSC,2025-04-11,23:47:04,-07:00,2025-04-11T23:47:04-07:00,0,5
projects\index.html,99,html,0990350d,jecDSC,2025-04-25,20:40:13,-07:00,2025-04-25T20:40:13-07:00,0,156
projects\index.html,100,html,12cbcc51,jecDSC,2025-04-04,18:35:20,-07:00,2025-04-04T18:35:20-07:00,0,6
projects\index.html,101,html,12cbcc51,jecDSC,2025-04-04,18:35:20,-07:00,2025-04-04T18:35:20-07:00,0,6
CV\index.html,1,html,f90a9bd9,jecDSC,2025-04-04,19:30:10,-07:00,2025-04-04T19:30:10-07:00,0,14
CV\index.html,2,html,f90a9bd9,jecDSC,2025-04-04,19:30:10,-07:00,2025-04-04T19:30:10-07:00,0,15
CV\index.html,3,html,f90a9bd9,jecDSC,2025-04-04,19:30:10,-07:00,2025-04-04T19:30:10-07:00,0,5
CV\index.html,4,html,f90a9bd9,jecDSC,2025-04-04,19:30:10,-07:00,2025-04-04T19:30:10-07:00,0,21
CV\index.html,5,html,f90a9bd9,jecDSC,2025-04-04,19:30:10,-07:00,2025-04-04T19:30:10-07:00,0,69
CV\index.html,6,html,f90a9bd9,jecDSC,2025-04-04,19:30:10,-07:00,2025-04-04T19:30:10-07:00,0,19
CV\index.html,7,html,fd2e0c2d,jecDSC,2025-04-12,00:31:14,-07:00,2025-04-12T00:31:14-07:00,0,42
CV\index.html,8,html,f38d6913,jecDSC,2025-04-18,19:16:41,-07:00,2025-04-18T19:16:41-07:00,0,9
CV\index.html,9,html,f38d6913,jecDSC,2025-04-18,19:16:41,-07:00,2025-04-18T19:16:41-07:00,0,3
CV\index.html,10,html,f38d6913,jecDSC,2025-04-18,19:16:41,-07:00,2025-04-18T19:16:41-07:00,0,78
CV\index.html,11,html,f38d6913,jecDSC,2025-04-18,19:16:41,-07:00,2025-04-18T19:16:41-07:00,0,101
CV\index.html,12,html,f38d6913,jecDSC,2025-04-18,19:16:41,-07:00,2025-04-18T19:16:41-07:00,0,89
CV\index.html,13,html,f38d6913,jecDSC,2025-04-18,19:16:41,-07:00,2025-04-18T19:16:41-07:00,0,99
CV\index.html,14,html,f38d6913,jecDSC,2025-04-18,19:16:41,-07:00,2025-04-18T19:16:41-07:00,0,4
CV\index.html,15,html,f38d6913,jecDSC,2025-04-18,19:16:41,-07:00,2025-04-18T19:16:41-07:00,0,9
CV\index.html,16,html,00000000,Not Committed Yet,2025-05-09,22:25:31,-07:00,2025-05-09T22:25:31-07:00,0,49
CV\index.html,17,html,f90a9bd9,jecDSC,2025-04-04,19:30:10,-07:00,2025-04-04T19:30:10-07:00,0,6
CV\index.html,18,html,f90a9bd9,jecDSC,2025-04-04,19:30:10,-07:00,2025-04-04T19:30:10-07:00,0,5
CV\index.html,19,html,f90a9bd9,jecDSC,2025-04-04,19:30:10,-07:00,2025-04-04T19:30:10-07:00,0,13
CV\index.html,20,html,f90a9bd9,jecDSC,2025-04-04,19:30:10,-07:00,2025-04-04T19:30:10-07:00,0,8
CV\index.html,21,html,f90a9bd9,jecDSC,2025-04-04,19:30:10,-07:00,2025-04-04T19:30:10-07:00,0,11
CV\index.html,22,html,14f1078a,jecDSC,2025-04-11,23:53:16,-07:00,2025-04-11T23:53:16-07:00,0,23
CV\index.html,23,html,14f1078a,jecDSC,2025-04-11,23:53:16,-07:00,2025-04-11T23:53:16-07:00,0,16
CV\index.html,24,html,14f1078a,jecDSC,2025-04-11,23:53:16,-07:00,2025-04-11T23:53:16-07:00,0,36
CV\index.html,25,html,14f1078a,jecDSC,2025-04-11,23:53:16,-07:00,2025-04-11T23:53:16-07:00,0,19
CV\index.html,26,html,14f1078a,jecDSC,2025-04-11,23:53:16,-07:00,2025-04-11T23:53:16-07:00,0,21
CV\index.html,27,html,14f1078a,jecDSC,2025-04-11,23:53:16,-07:00,2025-04-11T23:53:16-07:00,0,9
CV\index.html,28,html,f90a9bd9,jecDSC,2025-04-04,19:30:10,-07:00,2025-04-04T19:30:10-07:00,0,9
CV\index.html,29,html,f90a9bd9,jecDSC,2025-04-04,19:30:10,-07:00,2025-04-04T19:30:10-07:00,0,8
CV\index.html,30,html,f90a9bd9,jecDSC,2025-04-04,19:30:10,-07:00,2025-04-04T19:30:10-07:00,0,17
CV\index.html,31,html,14f1078a,jecDSC,2025-04-11,23:53:16,-07:00,2025-04-11T23:53:16-07:00,0,23
CV\index.html,32,html,14f1078a,jecDSC,2025-04-11,23:53:16,-07:00,2025-04-11T23:53:16-07:00,0,63
CV\index.html,33,html,14f1078a,jecDSC,2025-04-11,23:53:16,-07:00,2025-04-11T23:53:16-07:00,0,25
CV\index.html,34,html,14f1078a,jecDSC,2025-04-11,23:53:16,-07:00,2025-04-11T23:53:16-07:00,0,9
CV\index.html,35,html,f90a9bd9,jecDSC,2025-04-04,19:30:10,-07:00,2025-04-04T19:30:10-07:00,0,9
CV\index.html,36,html,f90a9bd9,jecDSC,2025-04-04,19:30:10,-07:00,2025-04-04T19:30:10-07:00,0,8
CV\index.html,37,html,f90a9bd9,jecDSC,2025-04-04,19:30:10,-07:00,2025-04-04T19:30:10-07:00,0,22
CV\index.html,38,html,f90a9bd9,jecDSC,2025-04-04,19:30:10,-07:00,2025-04-04T19:30:10-07:00,0,23
CV\index.html,39,html,f90a9bd9,jecDSC,2025-04-04,19:30:10,-07:00,2025-04-04T19:30:10-07:00,0,26
CV\index.html,40,html,f90a9bd9,jecDSC,2025-04-04,19:30:10,-07:00,2025-04-04T19:30:10-07:00,0,46
CV\index.html,41,html,f90a9bd9,jecDSC,2025-04-04,19:30:10,-07:00,2025-04-04T19:30:10-07:00,0,101
CV\index.html,42,html,30c51e51,jecDSC,2025-04-04,19:44:07,-07:00,2025-04-04T19:44:07-07:00,0,83
CV\index.html,43,html,f90a9bd9,jecDSC,2025-04-04,19:30:10,-07:00,2025-04-04T19:30:10-07:00,0,9
CV\index.html,44,html,f90a9bd9,jecDSC,2025-04-04,19:30:10,-07:00,2025-04-04T19:30:10-07:00,0,0
CV\index.html,45,html,f90a9bd9,jecDSC,2025-04-04,19:30:10,-07:00,2025-04-04T19:30:10-07:00,0,23
CV\index.html,46,html,f90a9bd9,jecDSC,2025-04-04,19:30:10,-07:00,2025-04-04T19:30:10-07:00,0,21
CV\index.html,47,html,f90a9bd9,jecDSC,2025-04-04,19:30:10,-07:00,2025-04-04T19:30:10-07:00,0,52
CV\index.html,48,html,f90a9bd9,jecDSC,2025-04-04,19:30:10,-07:00,2025-04-04T19:30:10-07:00,0,24
CV\index.html,49,html,f90a9bd9,jecDSC,2025-04-04,19:30:10,-07:00,2025-04-04T19:30:10-07:00,0,102
CV\index.html,50,html,30c51e51,jecDSC,2025-04-04,19:44:07,-07:00,2025-04-04T19:44:07-07:00,0,58
CV\index.html,51,html,f90a9bd9,jecDSC,2025-04-04,19:30:10,-07:00,2025-04-04T19:30:10-07:00,0,9
CV\index.html,52,html,f90a9bd9,jecDSC,2025-04-04,19:30:10,-07:00,2025-04-04T19:30:10-07:00,0,9
CV\index.html,53,html,f90a9bd9,jecDSC,2025-04-04,19:30:10,-07:00,2025-04-04T19:30:10-07:00,0,8
CV\index.html,54,html,f90a9bd9,jecDSC,2025-04-04,19:30:10,-07:00,2025-04-04T19:30:10-07:00,0,16
CV\index.html,55,html,14f1078a,jecDSC,2025-04-11,23:53:16,-07:00,2025-04-11T23:53:16-07:00,0,23
CV\index.html,56,html,b63876e8,jecDSC,2025-04-11,23:54:53,-07:00,2025-04-11T23:54:53-07:00,0,166
CV\index.html,57,html,14f1078a,jecDSC,2025-04-11,23:53:16,-07:00,2025-04-11T23:53:16-07:00,0,9
CV\index.html,58,html,f90a9bd9,jecDSC,2025-04-04,19:30:10,-07:00,2025-04-04T19:30:10-07:00,0,9
CV\index.html,59,html,f90a9bd9,jecDSC,2025-04-04,19:30:10,-07:00,2025-04-04T19:30:10-07:00,0,6
CV\index.html,60,html,f90a9bd9,jecDSC,2025-04-04,19:30:10,-07:00,2025-04-04T19:30:10-07:00,0,6
contact\index.html,1,html,12cbcc51,jecDSC,2025-04-04,18:35:20,-07:00,2025-04-04T18:35:20-07:00,0,14
contact\index.html,2,html,12cbcc51,jecDSC,2025-04-04,18:35:20,-07:00,2025-04-04T18:35:20-07:00,0,15
contact\index.html,3,html,12cbcc51,jecDSC,2025-04-04,18:35:20,-07:00,2025-04-04T18:35:20-07:00,0,5
contact\index.html,4,html,12cbcc51,jecDSC,2025-04-04,18:35:20,-07:00,2025-04-04T18:35:20-07:00,0,21
contact\index.html,5,html,12cbcc51,jecDSC,2025-04-04,18:35:20,-07:00,2025-04-04T18:35:20-07:00,0,69
contact\index.html,6,html,12cbcc51,jecDSC,2025-04-04,18:35:20,-07:00,2025-04-04T18:35:20-07:00,0,24
contact\index.html,7,html,fd2e0c2d,jecDSC,2025-04-12,00:31:14,-07:00,2025-04-12T00:31:14-07:00,0,42
contact\index.html,8,html,f38d6913,jecDSC,2025-04-18,19:16:41,-07:00,2025-04-18T19:16:41-07:00,0,9
contact\index.html,9,html,f38d6913,jecDSC,2025-04-18,19:16:41,-07:00,2025-04-18T19:16:41-07:00,0,3
contact\index.html,10,html,f38d6913,jecDSC,2025-04-18,19:16:41,-07:00,2025-04-18T19:16:41-07:00,0,78
contact\index.html,11,html,f38d6913,jecDSC,2025-04-18,19:16:41,-07:00,2025-04-18T19:16:41-07:00,0,101
contact\index.html,12,html,f38d6913,jecDSC,2025-04-18,19:16:41,-07:00,2025-04-18T19:16:41-07:00,0,89
contact\index.html,13,html,f38d6913,jecDSC,2025-04-18,19:16:41,-07:00,2025-04-18T19:16:41-07:00,0,99
contact\index.html,14,html,f38d6913,jecDSC,2025-04-18,19:16:41,-07:00,2025-04-18T19:16:41-07:00,0,4
contact\index.html,15,html,f38d6913,jecDSC,2025-04-18,19:16:41,-07:00,2025-04-18T19:16:41-07:00,0,9
contact\index.html,16,html,f38d6913,jecDSC,2025-04-18,19:16:41,-07:00,2025-04-18T19:16:41-07:00,0,50
contact\index.html,17,html,12cbcc51,jecDSC,2025-04-04,18:35:20,-07:00,2025-04-04T18:35:20-07:00,0,6
contact\index.html,18,html,12cbcc51,jecDSC,2025-04-04,18:35:20,-07:00,2025-04-04T18:35:20-07:00,0,5
contact\index.html,19,html,12cbcc51,jecDSC,2025-04-04,18:35:20,-07:00,2025-04-04T18:35:20-07:00,0,18
contact\index.html,20,html,12cbcc51,jecDSC,2025-04-04,18:35:20,-07:00,2025-04-04T18:35:20-07:00,0,74
contact\index.html,21,html,588205ce,jecDSC,2025-04-11,23:47:04,-07:00,2025-04-11T23:47:04-07:00,0,19
contact\index.html,22,html,588205ce,jecDSC,2025-04-11,23:47:04,-07:00,2025-04-11T23:47:04-07:00,0,33
contact\index.html,23,html,588205ce,jecDSC,2025-04-11,23:47:04,-07:00,2025-04-11T23:47:04-07:00,0,21
contact\index.html,24,html,588205ce,jecDSC,2025-04-11,23:47:04,-07:00,2025-04-11T23:47:04-07:00,0,21
contact\index.html,25,html,588205ce,jecDSC,2025-04-11,23:47:04,-07:00,2025-04-11T23:47:04-07:00,0,18
contact\index.html,26,html,588205ce,jecDSC,2025-04-11,23:47:04,-07:00,2025-04-11T23:47:04-07:00,0,32
contact\index.html,27,html,12cbcc51,jecDSC,2025-04-04,18:35:20,-07:00,2025-04-04T18:35:20-07:00,0,22
contact\index.html,28,html,12cbcc51,jecDSC,2025-04-04,18:35:20,-07:00,2025-04-04T18:35:20-07:00,0,6
contact\index.html,29,html,12cbcc51,jecDSC,2025-04-04,18:35:20,-07:00,2025-04-04T18:35:20-07:00,0,6
contact\index.html,30,html,12cbcc51,jecDSC,2025-04-04,18:35:20,-07:00,2025-04-04T18:35:20-07:00,0,6
